pathway,gene
Androgen_response,KLK3
Androgen_response,KLK2
Androgen_response,ACSL3
Androgen_response,PIAS1
Androgen_response,CAMKK2
Androgen_response,NKX3-1
Androgen_response,TMPRSS2
Androgen_response,APPBP2
Androgen_response,CENPN
Androgen_response,BMPR1B
Androgen_response,MAF
Androgen_response,FADS1
Androgen_response,ZBTB10
Androgen_response,HMGCR
Androgen_response,SPCS3
Androgen_response,INSIG1
Androgen_response,NGLY1
Androgen_response,UBE2J1
Androgen_response,ELK4
Androgen_response,ABCC4
Androgen_response,ELOVL5
Androgen_response,ALDH1A3
Androgen_response,AZGP1
Androgen_response,ABHD2
Androgen_response,SAT1
Androgen_response,DBI
Androgen_response,DHCR24
Androgen_response,SORD
Androgen_response,STK39
Androgen_response,TPD52
Androgen_response,IDI1
Androgen_response,B2M
Androgen_response,MAP7
Androgen_response,DNAJB9
Androgen_response,FKBP5
Androgen_response,HERC3
Androgen_response,PGM3
Androgen_response,HOMER2
Androgen_response,ELL2
Androgen_response,UAP1
Androgen_response,SEC24D
Androgen_response,LMAN1
Androgen_response,PMEPA1
Androgen_response,INPP4B
Androgen_response,RRP12
Androgen_response,SELENOP
Androgen_response,NDRG1
Androgen_response,KRT19
Androgen_response,ITGAV
Androgen_response,B4GALT1
Androgen_response,MAK
Androgen_response,SPDEF
Androgen_response,GSR
Androgen_response,KRT8
Androgen_response,LIFR
Androgen_response,PLPP1
Androgen_response,STEAP4
Androgen_response,GUCY1A1
Androgen_response,SRP19
Androgen_response,CCND3
Androgen_response,IQGAP2
Androgen_response,RAB4A
Androgen_response,SLC26A2
Androgen_response,SMS
Androgen_response,ZMIZ1
Androgen_response,SGK1
Androgen_response,MERTK
Androgen_response,HPGD
Androgen_response,ANKH
Androgen_response,GNAI3
Androgen_response,SRF
Androgen_response,SLC38A2
Androgen_response,HMGCS1
Androgen_response,ARID5B
Androgen_response,CDC14B
Androgen_response,TNFAIP8
Androgen_response,XRCC5
Androgen_response,GPD1L
Androgen_response,ACTN1
Androgen_response,RPS6KA3
Androgen_response,TSC22D1
Androgen_response,PDLIM5
Androgen_response,TMEM50A
Androgen_response,ADAMTS1
Androgen_response,NCOA4
Androgen_response,AKAP12
Androgen_response,SCD
Androgen_response,PTK2B
Androgen_response,CDK6
Androgen_response,ADRM1
Androgen_response,H1-0
Androgen_response,HSD17B14
Androgen_response,VAPA
Androgen_response,CCND1
Androgen_response,XRCC6
Androgen_response,MYL12A
Androgen_response,UBE2I
Androgen_response,PTPN21
Androgen_response,AKT1
Androgen_response,PA2G4
Interferon_primed,CASP1
Interferon_primed,CASP4
Interferon_primed,CCL2
Interferon_primed,CCL3
Interferon_primed,CCL4
Interferon_primed,CCL7
Interferon_primed,CCL8
Interferon_primed,CD274
Interferon_primed,CD40
Interferon_primed,CXCL2
Interferon_primed,CXCL3
Interferon_primed,CXCL9
Interferon_primed,CXCL10
Interferon_primed,CXCL11
Interferon_primed,IDO1
Interferon_primed,IFI6
Interferon_primed,IFIT1
Interferon_primed,IFIT2
Interferon_primed,IFIT3
Interferon_primed,IFITM1
Interferon_primed,IFITM3
Interferon_primed,IRF1
Interferon_primed,IRF7
Interferon_primed,LAMP3
Interferon_primed,PDCD1LG2
Interferon_primed,C1QA
Interferon_primed,C1QC
Interferon_primed,CD38
Interferon_primed,IL4I1
Interferon_primed,ISG15
Interferon_primed,TNFSF10
Interferon_primed,IFI44L
TNFA_signaling_via_NFKB,JUNB
TNFA_signaling_via_NFKB,CXCL2
TNFA_signaling_via_NFKB,ATF3
TNFA_signaling_via_NFKB,NFKBIA
TNFA_signaling_via_NFKB,TNFAIP3
TNFA_signaling_via_NFKB,PTGS2
TNFA_signaling_via_NFKB,CXCL1
TNFA_signaling_via_NFKB,IER3
TNFA_signaling_via_NFKB,CD83
TNFA_signaling_via_NFKB,CCL20
TNFA_signaling_via_NFKB,CXCL3
TNFA_signaling_via_NFKB,MAFF
TNFA_signaling_via_NFKB,NFKB2
TNFA_signaling_via_NFKB,TNFAIP2
TNFA_signaling_via_NFKB,HBEGF
TNFA_signaling_via_NFKB,KLF6
TNFA_signaling_via_NFKB,BIRC3
TNFA_signaling_via_NFKB,PLAUR
TNFA_signaling_via_NFKB,ZFP36
TNFA_signaling_via_NFKB,ICAM1
TNFA_signaling_via_NFKB,JUN
TNFA_signaling_via_NFKB,EGR3
TNFA_signaling_via_NFKB,IL1B
TNFA_signaling_via_NFKB,BCL2A1
TNFA_signaling_via_NFKB,PPP1R15A
TNFA_signaling_via_NFKB,ZC3H12A
TNFA_signaling_via_NFKB,SOD2
TNFA_signaling_via_NFKB,NR4A2
TNFA_signaling_via_NFKB,IL1A
TNFA_signaling_via_NFKB,RELB
TNFA_signaling_via_NFKB,TRAF1
TNFA_signaling_via_NFKB,BTG2
TNFA_signaling_via_NFKB,DUSP1
TNFA_signaling_via_NFKB,MAP3K8
TNFA_signaling_via_NFKB,ETS2
TNFA_signaling_via_NFKB,F3
TNFA_signaling_via_NFKB,SDC4
TNFA_signaling_via_NFKB,EGR1
TNFA_signaling_via_NFKB,IL6
TNFA_signaling_via_NFKB,TNF
TNFA_signaling_via_NFKB,KDM6B
TNFA_signaling_via_NFKB,NFKB1
TNFA_signaling_via_NFKB,LIF
TNFA_signaling_via_NFKB,PTX3
TNFA_signaling_via_NFKB,FOSL1
TNFA_signaling_via_NFKB,NR4A1
TNFA_signaling_via_NFKB,JAG1
TNFA_signaling_via_NFKB,CCL4
TNFA_signaling_via_NFKB,GCH1
TNFA_signaling_via_NFKB,CCL2
TNFA_signaling_via_NFKB,RCAN1
TNFA_signaling_via_NFKB,DUSP2
TNFA_signaling_via_NFKB,EHD1
TNFA_signaling_via_NFKB,IER2
TNFA_signaling_via_NFKB,REL
TNFA_signaling_via_NFKB,CFLAR
TNFA_signaling_via_NFKB,RIPK2
TNFA_signaling_via_NFKB,NFKBIE
TNFA_signaling_via_NFKB,NR4A3
TNFA_signaling_via_NFKB,PHLDA1
TNFA_signaling_via_NFKB,IER5
TNFA_signaling_via_NFKB,TNFSF9
TNFA_signaling_via_NFKB,GEM
TNFA_signaling_via_NFKB,GADD45A
TNFA_signaling_via_NFKB,CXCL10
TNFA_signaling_via_NFKB,PLK2
TNFA_signaling_via_NFKB,BHLHE40
TNFA_signaling_via_NFKB,EGR2
TNFA_signaling_via_NFKB,SOCS3
TNFA_signaling_via_NFKB,SLC2A6
TNFA_signaling_via_NFKB,PTGER4
TNFA_signaling_via_NFKB,DUSP5
TNFA_signaling_via_NFKB,SERPINB2
TNFA_signaling_via_NFKB,NFIL3
TNFA_signaling_via_NFKB,SERPINE1
TNFA_signaling_via_NFKB,TRIB1
TNFA_signaling_via_NFKB,TIPARP
TNFA_signaling_via_NFKB,RELA
TNFA_signaling_via_NFKB,BIRC2
TNFA_signaling_via_NFKB,CXCL6
TNFA_signaling_via_NFKB,LITAF
TNFA_signaling_via_NFKB,TNFAIP6
TNFA_signaling_via_NFKB,CD44
TNFA_signaling_via_NFKB,INHBA
TNFA_signaling_via_NFKB,PLAU
TNFA_signaling_via_NFKB,MYC
TNFA_signaling_via_NFKB,TNFRSF9
TNFA_signaling_via_NFKB,SGK1
TNFA_signaling_via_NFKB,TNIP1
TNFA_signaling_via_NFKB,NAMPT
TNFA_signaling_via_NFKB,FOSL2
TNFA_signaling_via_NFKB,PNRC1
TNFA_signaling_via_NFKB,ID2
TNFA_signaling_via_NFKB,CD69
TNFA_signaling_via_NFKB,IL7R
TNFA_signaling_via_NFKB,EFNA1
TNFA_signaling_via_NFKB,PHLDA2
TNFA_signaling_via_NFKB,PFKFB3
TNFA_signaling_via_NFKB,CCL5
TNFA_signaling_via_NFKB,YRDC
TNFA_signaling_via_NFKB,IFNGR2
TNFA_signaling_via_NFKB,SQSTM1
TNFA_signaling_via_NFKB,BTG3
TNFA_signaling_via_NFKB,GADD45B
TNFA_signaling_via_NFKB,KYNU
TNFA_signaling_via_NFKB,G0S2
TNFA_signaling_via_NFKB,BTG1
TNFA_signaling_via_NFKB,MCL1
TNFA_signaling_via_NFKB,VEGFA
TNFA_signaling_via_NFKB,MAP2K3
TNFA_signaling_via_NFKB,CDKN1A
TNFA_signaling_via_NFKB,CCN1
TNFA_signaling_via_NFKB,TANK
TNFA_signaling_via_NFKB,IFIT2
TNFA_signaling_via_NFKB,IL18
TNFA_signaling_via_NFKB,TUBB2A
TNFA_signaling_via_NFKB,IRF1
TNFA_signaling_via_NFKB,FOS
TNFA_signaling_via_NFKB,OLR1
TNFA_signaling_via_NFKB,RHOB
TNFA_signaling_via_NFKB,AREG
TNFA_signaling_via_NFKB,NINJ1
TNFA_signaling_via_NFKB,ZBTB10
TNFA_signaling_via_NFKB,PLPP3
TNFA_signaling_via_NFKB,KLF4
TNFA_signaling_via_NFKB,CXCL11
TNFA_signaling_via_NFKB,SAT1
TNFA_signaling_via_NFKB,CSF1
TNFA_signaling_via_NFKB,GPR183
TNFA_signaling_via_NFKB,PMEPA1
TNFA_signaling_via_NFKB,PTPRE
TNFA_signaling_via_NFKB,TLR2
TNFA_signaling_via_NFKB,ACKR3
TNFA_signaling_via_NFKB,KLF10
TNFA_signaling_via_NFKB,MARCKS
TNFA_signaling_via_NFKB,LAMB3
TNFA_signaling_via_NFKB,CEBPB
TNFA_signaling_via_NFKB,TRIP10
TNFA_signaling_via_NFKB,F2RL1
TNFA_signaling_via_NFKB,KLF9
TNFA_signaling_via_NFKB,LDLR
TNFA_signaling_via_NFKB,TGIF1
TNFA_signaling_via_NFKB,RNF19B
TNFA_signaling_via_NFKB,DRAM1
TNFA_signaling_via_NFKB,B4GALT1
TNFA_signaling_via_NFKB,DNAJB4
TNFA_signaling_via_NFKB,CSF2
TNFA_signaling_via_NFKB,PDE4B
TNFA_signaling_via_NFKB,SNN
TNFA_signaling_via_NFKB,PLEK
TNFA_signaling_via_NFKB,STAT5A
TNFA_signaling_via_NFKB,DENND5A
TNFA_signaling_via_NFKB,CCND1
TNFA_signaling_via_NFKB,DDX58
TNFA_signaling_via_NFKB,SPHK1
TNFA_signaling_via_NFKB,CD80
TNFA_signaling_via_NFKB,TNFAIP8
TNFA_signaling_via_NFKB,CCNL1
TNFA_signaling_via_NFKB,FUT4
TNFA_signaling_via_NFKB,CCRL2
TNFA_signaling_via_NFKB,SPSB1
TNFA_signaling_via_NFKB,TSC22D1
TNFA_signaling_via_NFKB,B4GALT5
TNFA_signaling_via_NFKB,SIK1
TNFA_signaling_via_NFKB,CLCF1
TNFA_signaling_via_NFKB,NFE2L2
TNFA_signaling_via_NFKB,FOSB
TNFA_signaling_via_NFKB,PER1
TNFA_signaling_via_NFKB,NFAT5
TNFA_signaling_via_NFKB,ATP2B1
TNFA_signaling_via_NFKB,IL12B
TNFA_signaling_via_NFKB,IL6ST
TNFA_signaling_via_NFKB,SLC16A6
TNFA_signaling_via_NFKB,ABCA1
TNFA_signaling_via_NFKB,HES1
TNFA_signaling_via_NFKB,BCL6
TNFA_signaling_via_NFKB,IRS2
TNFA_signaling_via_NFKB,SLC2A3
TNFA_signaling_via_NFKB,CEBPD
TNFA_signaling_via_NFKB,IL23A
TNFA_signaling_via_NFKB,SMAD3
TNFA_signaling_via_NFKB,TAP1
TNFA_signaling_via_NFKB,MSC
TNFA_signaling_via_NFKB,IFIH1
TNFA_signaling_via_NFKB,IL15RA
TNFA_signaling_via_NFKB,TNIP2
TNFA_signaling_via_NFKB,BCL3
TNFA_signaling_via_NFKB,PANX1
TNFA_signaling_via_NFKB,FJX1
TNFA_signaling_via_NFKB,EDN1
TNFA_signaling_via_NFKB,EIF1
TNFA_signaling_via_NFKB,BMP2
TNFA_signaling_via_NFKB,DUSP4
TNFA_signaling_via_NFKB,PDLIM5
TNFA_signaling_via_NFKB,ICOSLG
TNFA_signaling_via_NFKB,GFPT2
TNFA_signaling_via_NFKB,KLF2
TNFA_signaling_via_NFKB,TNC
TNFA_signaling_via_NFKB,SERPINB8
TNFA_signaling_via_NFKB,MXD1
T_cell_activation,ADA
T_cell_activation,CD24
T_cell_activation,MICA
T_cell_activation,KLRC4-KLRK1
T_cell_activation,ADAM8
T_cell_activation,RASGRP1
T_cell_activation,EBI3
T_cell_activation,CDK6
T_cell_activation,LILRB2
T_cell_activation,TCIRG1
T_cell_activation,SIRPB1
T_cell_activation,BTN2A2
T_cell_activation,GPNMB
T_cell_activation,CEBPB
T_cell_activation,BATF
T_cell_activation,TNFSF13B
T_cell_activation,CCR9
T_cell_activation,HSPH1
T_cell_activation,LILRB1
T_cell_activation,FGL2
T_cell_activation,MALT1
T_cell_activation,KDELR1
T_cell_activation,SPINK5
T_cell_activation,LILRB4
T_cell_activation,RIPK3
T_cell_activation,BTN3A1
T_cell_activation,CD160
T_cell_activation,GLMN
T_cell_activation,HHLA2
T_cell_activation,CORO1A
T_cell_activation,DUSP10
T_cell_activation,TREX1
T_cell_activation,CD300A
T_cell_activation,VSIG4
T_cell_activation,NLRP3
T_cell_activation,SLAMF6
T_cell_activation,CGAS
T_cell_activation,TNFRSF13C
T_cell_activation,CLC
T_cell_activation,JAML
T_cell_activation,CLPTM1
T_cell_activation,PSMB11
T_cell_activation,CCR6
T_cell_activation,CCR7
T_cell_activation,TMIGD2
T_cell_activation,MAP3K8
T_cell_activation,ADORA2A
T_cell_activation,CR1
T_cell_activation,SIRPA
T_cell_activation,CSK
T_cell_activation,PIK3R6
T_cell_activation,RC3H1
T_cell_activation,IL23R
T_cell_activation,CTLA4
T_cell_activation,CTNNB1
T_cell_activation,CTPS1
T_cell_activation,CTSL
T_cell_activation,BTLA
T_cell_activation,CXADR
T_cell_activation,CYLD
T_cell_activation,NKX2-3
T_cell_activation,CLECL1
T_cell_activation,CD55
T_cell_activation,ZFPM1
T_cell_activation,DDOST
T_cell_activation,DLG1
T_cell_activation,AGER
T_cell_activation,DOCK2
T_cell_activation,DPP4
T_cell_activation,DTX1
T_cell_activation,DUSP3
T_cell_activation,GPR183
T_cell_activation,EFNB1
T_cell_activation,EFNB2
T_cell_activation,EFNB3
T_cell_activation,EGR1
T_cell_activation,EGR3
T_cell_activation,NLRC3
T_cell_activation,AIF1
T_cell_activation,ELF4
T_cell_activation,TIGIT
T_cell_activation,EPO
T_cell_activation,ERBB2
T_cell_activation,AKT1
T_cell_activation,F2RL1
T_cell_activation,FANCA
T_cell_activation,FANCD2
T_cell_activation,FCER1G
T_cell_activation,FCGR2B
T_cell_activation,FGL1
T_cell_activation,FKBP1A
T_cell_activation,FKBP1B
T_cell_activation,ZBTB1
T_cell_activation,KLRK1
T_cell_activation,FOXJ1
T_cell_activation,FLOT2
T_cell_activation,JMJD6
T_cell_activation,TMEM131L
T_cell_activation,KIF13B
T_cell_activation,ICOSLG
T_cell_activation,NCSTN
T_cell_activation,SCRIB
T_cell_activation,PATZ1
T_cell_activation,IL27
T_cell_activation,MTOR
T_cell_activation,ABL1
T_cell_activation,FUT7
T_cell_activation,FYN
T_cell_activation,ZNF683
T_cell_activation,TMEM98
T_cell_activation,LRRC32
T_cell_activation,PTPN22
T_cell_activation,GATA3
T_cell_activation,CLEC4E
T_cell_activation,PLA2G2D
T_cell_activation,KAT2A
T_cell_activation,LAT
T_cell_activation,FOXP1
T_cell_activation,PRELID1
T_cell_activation,IL36B
T_cell_activation,SIT1
T_cell_activation,TNFRSF21
T_cell_activation,GLI2
T_cell_activation,GLI3
T_cell_activation,GNRH1
T_cell_activation,IFNL1
T_cell_activation,CCDC88B
T_cell_activation,GPR18
T_cell_activation,LGALS9B
T_cell_activation,RABL3
T_cell_activation,GRB2
T_cell_activation,DROSHA
T_cell_activation,PYCARD
T_cell_activation,CD274
T_cell_activation,GSN
T_cell_activation,NCAPH2
T_cell_activation,ICOS
T_cell_activation,TBX21
T_cell_activation,ANXA1
T_cell_activation,NCKAP1L
T_cell_activation,HFE
T_cell_activation,CD209
T_cell_activation,STOML2
T_cell_activation,HLA-A
T_cell_activation,HLA-DMB
T_cell_activation,HLA-DOA
T_cell_activation,HLA-DPA1
T_cell_activation,HLA-DPB1
T_cell_activation,HLA-DRB1
T_cell_activation,HLA-E
T_cell_activation,HLA-G
T_cell_activation,MR1
T_cell_activation,HLX
T_cell_activation,HMGB1
T_cell_activation,AIRE
T_cell_activation,HES1
T_cell_activation,HSPD1
T_cell_activation,ICAM1
T_cell_activation,CLEC4D
T_cell_activation,IFNE
T_cell_activation,CLEC4G
T_cell_activation,IFNA1
T_cell_activation,IFNA2
T_cell_activation,IFNA4
T_cell_activation,IFNA5
T_cell_activation,IFNA6
T_cell_activation,IFNA7
T_cell_activation,IFNA8
T_cell_activation,IFNA10
T_cell_activation,IFNA13
T_cell_activation,IFNA14
T_cell_activation,IFNA16
T_cell_activation,IFNA17
T_cell_activation,IFNA21
T_cell_activation,IFNB1
T_cell_activation,IFNG
T_cell_activation,IFNW1
T_cell_activation,IGF1
T_cell_activation,IGF2
T_cell_activation,IGFBP2
T_cell_activation,IHH
T_cell_activation,IL1A
T_cell_activation,IL1B
T_cell_activation,IL2
T_cell_activation,IL2RA
T_cell_activation,IL4
T_cell_activation,IL4R
T_cell_activation,IL6
T_cell_activation,IL6ST
T_cell_activation,IL7
T_cell_activation,IL7R
T_cell_activation,IL10
T_cell_activation,IL12A
T_cell_activation,IL12B
T_cell_activation,IL12RB1
T_cell_activation,IL15
T_cell_activation,IL18
T_cell_activation,IDO1
T_cell_activation,INS
T_cell_activation,IRF1
T_cell_activation,IRF4
T_cell_activation,ITGAL
T_cell_activation,ITK
T_cell_activation,ITPKB
T_cell_activation,JAG2
T_cell_activation,JAK3
T_cell_activation,KIT
T_cell_activation,ARG1
T_cell_activation,ARG2
T_cell_activation,RHOA
T_cell_activation,THEMIS
T_cell_activation,LAG3
T_cell_activation,LCK
T_cell_activation,LCP1
T_cell_activation,LEP
T_cell_activation,LEPR
T_cell_activation,LFNG
T_cell_activation,LGALS1
T_cell_activation,LGALS3
T_cell_activation,LGALS9
T_cell_activation,LIG4
T_cell_activation,RHOH
T_cell_activation,LMO1
T_cell_activation,LY9
T_cell_activation,LYN
T_cell_activation,MIR181C
T_cell_activation,MIR21
T_cell_activation,MIR27A
T_cell_activation,MIR30B
T_cell_activation,SMAD3
T_cell_activation,SMAD7
T_cell_activation,CD46
T_cell_activation,MDK
T_cell_activation,MICB
T_cell_activation,EIF2AK4
T_cell_activation,NRARP
T_cell_activation,TARM1
T_cell_activation,MSN
T_cell_activation,MYB
T_cell_activation,MYH9
T_cell_activation,NCK1
T_cell_activation,NEDD4
T_cell_activation,NFATC2
T_cell_activation,PNP
T_cell_activation,P2RX7
T_cell_activation,PAK1
T_cell_activation,PAK2
T_cell_activation,PAK3
T_cell_activation,PAWR
T_cell_activation,PAX1
T_cell_activation,CLEC4A
T_cell_activation,FOXP3
T_cell_activation,ZBTB7B
T_cell_activation,PCK1
T_cell_activation,LEF1
T_cell_activation,PDCD1
T_cell_activation,GPR89B
T_cell_activation,IL23A
T_cell_activation,CYRIB
T_cell_activation,PDPK1
T_cell_activation,PIK3CA
T_cell_activation,PIK3CD
T_cell_activation,PIK3CG
T_cell_activation,PIK3R1
T_cell_activation,PKNOX1
T_cell_activation,ATP7A
T_cell_activation,IL20RB
T_cell_activation,WNT4
T_cell_activation,SASH3
T_cell_activation,APBB1IP
T_cell_activation,RC3H2
T_cell_activation,DLL4
T_cell_activation,LAX1
T_cell_activation,PPP3CA
T_cell_activation,PPP3CB
T_cell_activation,SIRPG
T_cell_activation,CHD7
T_cell_activation,LMBR1L
T_cell_activation,PRKAR1A
T_cell_activation,PAG1
T_cell_activation,PRKCQ
T_cell_activation,PRKCZ
T_cell_activation,PRKDC
T_cell_activation,PRNP
T_cell_activation,CRTAM
T_cell_activation,METTL3
T_cell_activation,PSAP
T_cell_activation,CYP26B1
T_cell_activation,PSEN1
T_cell_activation,B2M
T_cell_activation,IFNK
T_cell_activation,DUSP22
T_cell_activation,PSMB10
T_cell_activation,TWSG1
T_cell_activation,PELI1
T_cell_activation,ZMIZ1
T_cell_activation,BAD
T_cell_activation,PTGER4
T_cell_activation,PREX1
T_cell_activation,SH3RF1
T_cell_activation,GPAM
T_cell_activation,PTPN2
T_cell_activation,PTPN6
T_cell_activation,PTPN11
T_cell_activation,ZP4
T_cell_activation,SLC46A2
T_cell_activation,PTPRC
T_cell_activation,BAX
T_cell_activation,SELENOK
T_cell_activation,RAB27A
T_cell_activation,RAC1
T_cell_activation,RAC2
T_cell_activation,RAG1
T_cell_activation,RAG2
T_cell_activation,IL21
T_cell_activation,RARA
T_cell_activation,BCL2
T_cell_activation,RELB
T_cell_activation,BCL3
T_cell_activation,BCL6
T_cell_activation,CDH26
T_cell_activation,RORA
T_cell_activation,RORC
T_cell_activation,RPS3
T_cell_activation,SATB1
T_cell_activation,CEACAM1
T_cell_activation,CCL2
T_cell_activation,CCL5
T_cell_activation,CCL19
T_cell_activation,CCL21
T_cell_activation,XCL1
T_cell_activation,SDC4
T_cell_activation,PRDM1
T_cell_activation,VSIR
T_cell_activation,NOD2
T_cell_activation,SEMA4A
T_cell_activation,NFKBIZ
T_cell_activation,AZI2
T_cell_activation,SFTPD
T_cell_activation,CLEC7A
T_cell_activation,PLA2G2F
T_cell_activation,SHH
T_cell_activation,MARCHF7
T_cell_activation,BCL11B
T_cell_activation,RASAL3
T_cell_activation,BMP4
T_cell_activation,LGALS7B
T_cell_activation,GPR89A
T_cell_activation,SLC7A1
T_cell_activation,LGALS9C
T_cell_activation,SLC11A1
T_cell_activation,SOD1
T_cell_activation,SOS1
T_cell_activation,SOX4
T_cell_activation,SOX12
T_cell_activation,SP3
T_cell_activation,SPN
T_cell_activation,SPTA1
T_cell_activation,SRC
T_cell_activation,SRF
T_cell_activation,ZFP36L1
T_cell_activation,STAT3
T_cell_activation,STAT5B
T_cell_activation,STAT6
T_cell_activation,ZFP36L2
T_cell_activation,STK11
T_cell_activation,SYK
T_cell_activation,ADAM17
T_cell_activation,TCF7
T_cell_activation,ZEB1
T_cell_activation,PRDX2
T_cell_activation,TFRC
T_cell_activation,TGFBR2
T_cell_activation,THY1
T_cell_activation,TNFRSF1B
T_cell_activation,TP53
T_cell_activation,TRAF6
T_cell_activation,TSC1
T_cell_activation,TNFSF4
T_cell_activation,CCR2
T_cell_activation,TNFRSF4
T_cell_activation,SCGB1A1
T_cell_activation,VAV1
T_cell_activation,VCAM1
T_cell_activation,WAS
T_cell_activation,WNT1
T_cell_activation,XBP1
T_cell_activation,YES1
T_cell_activation,ZAP70
T_cell_activation,ZBTB16
T_cell_activation,ZP3
T_cell_activation,FZD5
T_cell_activation,NKAP
T_cell_activation,TNFAIP8L2
T_cell_activation,VTCN1
T_cell_activation,NHEJ1
T_cell_activation,TREML2
T_cell_activation,ZC3H12A
T_cell_activation,PDCD1LG2
T_cell_activation,CD276
T_cell_activation,PRR7
T_cell_activation,NDFIP1
T_cell_activation,CAMK4
T_cell_activation,DOCK8
T_cell_activation,EOMES
T_cell_activation,FZD7
T_cell_activation,FZD8
T_cell_activation,CASP3
T_cell_activation,MAD1L1
T_cell_activation,CASP8
T_cell_activation,SLA2
T_cell_activation,NCK2
T_cell_activation,CARD11
T_cell_activation,ZC3H8
T_cell_activation,FOXN1
T_cell_activation,LOXL3
T_cell_activation,NFKBID
T_cell_activation,HAVCR2
T_cell_activation,HSH2D
T_cell_activation,AP3B1
T_cell_activation,CAV1
T_cell_activation,RUNX2
T_cell_activation,TNFSF11
T_cell_activation,RUNX1
T_cell_activation,RUNX3
T_cell_activation,CBFB
T_cell_activation,SOCS1
T_cell_activation,PDE5A
T_cell_activation,TNFSF14
T_cell_activation,TNFSF9
T_cell_activation,TNFRSF14
T_cell_activation,RIPK2
T_cell_activation,FADD
T_cell_activation,TNFRSF18
T_cell_activation,IL1RL2
T_cell_activation,IL18R1
T_cell_activation,VNN1
T_cell_activation,BCL10
T_cell_activation,RAB29
T_cell_activation,AP3D1
T_cell_activation,CCND3
T_cell_activation,TNFSF18
T_cell_activation,SART1
T_cell_activation,DNAJA3
T_cell_activation,CD1C
T_cell_activation,CD1D
T_cell_activation,CD2
T_cell_activation,CD3D
T_cell_activation,RSAD2
T_cell_activation,CD3E
T_cell_activation,CD3G
T_cell_activation,CD4
T_cell_activation,CD5
T_cell_activation,CD6
T_cell_activation,DLG5
T_cell_activation,CD7
T_cell_activation,CD8A
T_cell_activation,CD8B
T_cell_activation,SOCS6
T_cell_activation,CD83
T_cell_activation,CD27
T_cell_activation,CD28
T_cell_activation,GRAP2
T_cell_activation,CD80
T_cell_activation,CD86
T_cell_activation,TNFSF8
T_cell_activation,IL27RA
T_cell_activation,ATG5
T_cell_activation,MAPK8IP1
T_cell_activation,SOX13
T_cell_activation,CD40LG
T_cell_activation,CD44
T_cell_activation,CD47
T_cell_activation,SOCS5
T_cell_activation,CD70
T_cell_activation,CD74
T_cell_activation,CD81
T_cell_activation,RIPOR2
T_cell_activation,TOX
T_cell_activation,CD151
T_cell_activation,TESPA1
T_cell_activation,MAFB
T_cell_activation,CDC42
T_cell_migration,ADAM8
T_cell_migration,ADAM10
T_cell_migration,CCL26
T_cell_migration,CXCL13
T_cell_migration,CCL27
T_cell_migration,RIPK3
T_cell_migration,CCR6
T_cell_migration,CD200R1
T_cell_migration,CRK
T_cell_migration,CRKL
T_cell_migration,DEFA1
T_cell_migration,GPR183
T_cell_migration,ECM1
T_cell_migration,S1PR1
T_cell_migration,AIF1
T_cell_migration,LRCH1
T_cell_migration,STK39
T_cell_migration,CXCR3
T_cell_migration,GPR15
T_cell_migration,TMEM102
T_cell_migration,PYCARD
T_cell_migration,AIRE
T_cell_migration,ICAM1
T_cell_migration,APOD
T_cell_migration,APP
T_cell_migration,CXCL10
T_cell_migration,ITGA4
T_cell_migration,ITGAL
T_cell_migration,ITGB7
T_cell_migration,RHOA
T_cell_migration,C10orf99
T_cell_migration,CD99
T_cell_migration,CD200
T_cell_migration,MSN
T_cell_migration,F11R
T_cell_migration,PIK3CD
T_cell_migration,PIK3CG
T_cell_migration,CXCL16
T_cell_migration,SELENOK
T_cell_migration,S100A7
T_cell_migration,CCL2
T_cell_migration,CCL3
T_cell_migration,CCL5
T_cell_migration,CCL20
T_cell_migration,CCL21
T_cell_migration,CXCL11
T_cell_migration,XCL1
T_cell_migration,CXCL12
T_cell_migration,MYO1G
T_cell_migration,WNK1
T_cell_migration,SLC12A2
T_cell_migration,SPN
T_cell_migration,XCL2
T_cell_migration,ADAM17
T_cell_migration,DEFA1B
T_cell_migration,CCR2
T_cell_migration,WNT5A
T_cell_migration,XG
T_cell_migration,ZAP70
T_cell_migration,DOCK8
T_cell_migration,CD99L2
T_cell_migration,TNFSF14
T_cell_migration,TNFRSF14
T_cell_migration,FADD
T_cell_migration,IL27RA
T_cell_migration,RIPOR2
T_cell_migration,OXSR1
ATP_Metabolic_Process,ABCC6
ATP_Metabolic_Process,ABCC9
ATP_Metabolic_Process,ACTN3
ATP_Metabolic_Process,ADCY10
ATP_Metabolic_Process,ADPGK
ATP_Metabolic_Process,AK1
ATP_Metabolic_Process,AK2
ATP_Metabolic_Process,AK4
ATP_Metabolic_Process,AK5
ATP_Metabolic_Process,ALDOA
ATP_Metabolic_Process,ALDOB
ATP_Metabolic_Process,ALDOC
ATP_Metabolic_Process,AMPD2
ATP_Metabolic_Process,ANTKMT
ATP_Metabolic_Process,APP
ATP_Metabolic_Process,ARL2
ATP_Metabolic_Process,ARNT
ATP_Metabolic_Process,ATP1A2
ATP_Metabolic_Process,ATP1B1
ATP_Metabolic_Process,ATP5F1A
ATP_Metabolic_Process,ATP5F1B
ATP_Metabolic_Process,ATP5F1C
ATP_Metabolic_Process,ATP5F1D
ATP_Metabolic_Process,ATP5F1E
ATP_Metabolic_Process,ATP5F1EP2
ATP_Metabolic_Process,ATP5IF1
ATP_Metabolic_Process,ATP5MC1
ATP_Metabolic_Process,ATP5MC2
ATP_Metabolic_Process,ATP5MC3
ATP_Metabolic_Process,ATP5ME
ATP_Metabolic_Process,ATP5MF
ATP_Metabolic_Process,ATP5MG
ATP_Metabolic_Process,ATP5MGL
ATP_Metabolic_Process,ATP5MJ
ATP_Metabolic_Process,ATP5MK
ATP_Metabolic_Process,ATP5PB
ATP_Metabolic_Process,ATP5PD
ATP_Metabolic_Process,ATP5PF
ATP_Metabolic_Process,ATP5PO
ATP_Metabolic_Process,ATP6V0C
ATP_Metabolic_Process,ATP6V1A
ATP_Metabolic_Process,ATP6V1B1
ATP_Metabolic_Process,ATP6V1B2
ATP_Metabolic_Process,ATP7A
ATP_Metabolic_Process,ATPSCKMT
ATP_Metabolic_Process,BAD
ATP_Metabolic_Process,BCL2L13
ATP_Metabolic_Process,BEND3
ATP_Metabolic_Process,BLOC1S6
ATP_Metabolic_Process,BPGM
ATP_Metabolic_Process,CBFA2T3
ATP_Metabolic_Process,CLPX
ATP_Metabolic_Process,COL6A1
ATP_Metabolic_Process,COX11
ATP_Metabolic_Process,CTNS
ATP_Metabolic_Process,DDIT4
ATP_Metabolic_Process,DHTKD1
ATP_Metabolic_Process,DMAC2L
ATP_Metabolic_Process,DNAJC30
ATP_Metabolic_Process,DNM1L
ATP_Metabolic_Process,EIF6
ATP_Metabolic_Process,ENO1
ATP_Metabolic_Process,ENO2
ATP_Metabolic_Process,ENO3
ATP_Metabolic_Process,ENO4
ATP_Metabolic_Process,ENPP1
ATP_Metabolic_Process,ENPP3
ATP_Metabolic_Process,EP300
ATP_Metabolic_Process,FABP1
ATP_Metabolic_Process,FAM3A
ATP_Metabolic_Process,FBP1
ATP_Metabolic_Process,FIGNL1
ATP_Metabolic_Process,FIS1
ATP_Metabolic_Process,FKRP
ATP_Metabolic_Process,FLCN
ATP_Metabolic_Process,FOXK1
ATP_Metabolic_Process,FOXK2
ATP_Metabolic_Process,GALK1
ATP_Metabolic_Process,GAPDH
ATP_Metabolic_Process,GAPDHS
ATP_Metabolic_Process,GCK
ATP_Metabolic_Process,GIT1
ATP_Metabolic_Process,GPD1
ATP_Metabolic_Process,GPI
ATP_Metabolic_Process,HDAC4
ATP_Metabolic_Process,HIF1A
ATP_Metabolic_Process,HK1
ATP_Metabolic_Process,HK2
ATP_Metabolic_Process,HK3
ATP_Metabolic_Process,HKDC1
ATP_Metabolic_Process,HSPA1A
ATP_Metabolic_Process,HSPA1B
ATP_Metabolic_Process,HSPA8
ATP_Metabolic_Process,HTR2A
ATP_Metabolic_Process,IER3
ATP_Metabolic_Process,IFNG
ATP_Metabolic_Process,IGF1
ATP_Metabolic_Process,IL4
ATP_Metabolic_Process,INS
ATP_Metabolic_Process,INSR
ATP_Metabolic_Process,JMJD8
ATP_Metabolic_Process,LDHA
ATP_Metabolic_Process,LDHC
ATP_Metabolic_Process,LETMD1
ATP_Metabolic_Process,LIPA
ATP_Metabolic_Process,MAP2K1
ATP_Metabolic_Process,MFSD8
ATP_Metabolic_Process,MIR675
ATP_Metabolic_Process,MLST8
ATP_Metabolic_Process,MLXIPL
ATP_Metabolic_Process,MT-ATP6
ATP_Metabolic_Process,MT-ATP8
ATP_Metabolic_Process,MT-ND1
ATP_Metabolic_Process,MT-ND2
ATP_Metabolic_Process,MT-ND3
ATP_Metabolic_Process,MT-ND4
ATP_Metabolic_Process,MT-ND4L
ATP_Metabolic_Process,MT-ND5
ATP_Metabolic_Process,MT-ND6
ATP_Metabolic_Process,MTCH2
ATP_Metabolic_Process,MTOR
ATP_Metabolic_Process,MTTP
ATP_Metabolic_Process,MYH3
ATP_Metabolic_Process,MYH4
ATP_Metabolic_Process,MYH6
ATP_Metabolic_Process,MYH7
ATP_Metabolic_Process,MYH8
ATP_Metabolic_Process,NADK
ATP_Metabolic_Process,NCOR1
ATP_Metabolic_Process,NDUFA1
ATP_Metabolic_Process,NDUFA10
ATP_Metabolic_Process,NDUFA11
ATP_Metabolic_Process,NDUFA12
ATP_Metabolic_Process,NDUFA13
ATP_Metabolic_Process,NDUFA2
ATP_Metabolic_Process,NDUFA3
ATP_Metabolic_Process,NDUFA5
ATP_Metabolic_Process,NDUFA6
ATP_Metabolic_Process,NDUFA7
ATP_Metabolic_Process,NDUFA8
ATP_Metabolic_Process,NDUFA9
ATP_Metabolic_Process,NDUFAB1
ATP_Metabolic_Process,NDUFB1
ATP_Metabolic_Process,NDUFB10
ATP_Metabolic_Process,NDUFB11
ATP_Metabolic_Process,NDUFB2
ATP_Metabolic_Process,NDUFB3
ATP_Metabolic_Process,NDUFB4
ATP_Metabolic_Process,NDUFB5
ATP_Metabolic_Process,NDUFB6
ATP_Metabolic_Process,NDUFB7
ATP_Metabolic_Process,NDUFB8
ATP_Metabolic_Process,NDUFB9
ATP_Metabolic_Process,NDUFC1
ATP_Metabolic_Process,NDUFC2
ATP_Metabolic_Process,NDUFS1
ATP_Metabolic_Process,NDUFS2
ATP_Metabolic_Process,NDUFS3
ATP_Metabolic_Process,NDUFS4
ATP_Metabolic_Process,NDUFS5
ATP_Metabolic_Process,NDUFS6
ATP_Metabolic_Process,NDUFS7
ATP_Metabolic_Process,NDUFS8
ATP_Metabolic_Process,NDUFV1
ATP_Metabolic_Process,NDUFV2
ATP_Metabolic_Process,NDUFV3
ATP_Metabolic_Process,NMNAT1
ATP_Metabolic_Process,NT5E
ATP_Metabolic_Process,NUDT2
ATP_Metabolic_Process,NUDT5
ATP_Metabolic_Process,NUPR1
ATP_Metabolic_Process,OGDH
ATP_Metabolic_Process,OGDHL
ATP_Metabolic_Process,OGT
ATP_Metabolic_Process,OLA1
ATP_Metabolic_Process,P2RX7
ATP_Metabolic_Process,PARG
ATP_Metabolic_Process,PARP1
ATP_Metabolic_Process,PFKFB1
ATP_Metabolic_Process,PFKFB2
ATP_Metabolic_Process,PFKFB3
ATP_Metabolic_Process,PFKFB4
ATP_Metabolic_Process,PFKL
ATP_Metabolic_Process,PFKM
ATP_Metabolic_Process,PFKP
ATP_Metabolic_Process,PGAM1
ATP_Metabolic_Process,PGAM2
ATP_Metabolic_Process,PGAM4
ATP_Metabolic_Process,PGK1
ATP_Metabolic_Process,PGK2
ATP_Metabolic_Process,PGM1
ATP_Metabolic_Process,PID1
ATP_Metabolic_Process,PINK1
ATP_Metabolic_Process,PKLR
ATP_Metabolic_Process,PKM
ATP_Metabolic_Process,PPARA
ATP_Metabolic_Process,PPP2CA
ATP_Metabolic_Process,PRKAA1
ATP_Metabolic_Process,PRKAA2
ATP_Metabolic_Process,PRKACA
ATP_Metabolic_Process,PRKAG1
ATP_Metabolic_Process,PRKAG2
ATP_Metabolic_Process,PRKAG3
ATP_Metabolic_Process,PRKN
ATP_Metabolic_Process,PRXL2C
ATP_Metabolic_Process,PSEN1
ATP_Metabolic_Process,RPTOR
ATP_Metabolic_Process,SDHA
ATP_Metabolic_Process,SDHB
ATP_Metabolic_Process,SDHC
ATP_Metabolic_Process,SDHD
ATP_Metabolic_Process,SELENON
ATP_Metabolic_Process,SIRT6
ATP_Metabolic_Process,SLC25A13
ATP_Metabolic_Process,SLC25A25
ATP_Metabolic_Process,SLC2A6
ATP_Metabolic_Process,SLC4A1
ATP_Metabolic_Process,SLC4A4
ATP_Metabolic_Process,SPHK2
ATP_Metabolic_Process,STAT3
ATP_Metabolic_Process,STOML2
ATP_Metabolic_Process,TAFAZZIN
ATP_Metabolic_Process,TGFB1
ATP_Metabolic_Process,TIGAR
ATP_Metabolic_Process,TMSB4X
ATP_Metabolic_Process,TPI1
ATP_Metabolic_Process,TREM2
ATP_Metabolic_Process,TREX1
ATP_Metabolic_Process,TRIM63
ATP_Metabolic_Process,TSPO
ATP_Metabolic_Process,UCHL1
ATP_Metabolic_Process,UCP2
ATP_Metabolic_Process,UQCC3
ATP_Metabolic_Process,VCP
ATP_Metabolic_Process,VPS9D1
ATP_Metabolic_Process,ZBTB20
ATP_Metabolic_Process,ZBTB7A
ATP_Synthesis_Coupled_Electron_Transport,BID
ATP_Synthesis_Coupled_Electron_Transport,CCNB1
ATP_Synthesis_Coupled_Electron_Transport,CDK1
ATP_Synthesis_Coupled_Electron_Transport,CHCHD2
ATP_Synthesis_Coupled_Electron_Transport,COQ9
ATP_Synthesis_Coupled_Electron_Transport,COX4I1
ATP_Synthesis_Coupled_Electron_Transport,COX4I2
ATP_Synthesis_Coupled_Electron_Transport,COX5A
ATP_Synthesis_Coupled_Electron_Transport,COX5B
ATP_Synthesis_Coupled_Electron_Transport,COX6A1
ATP_Synthesis_Coupled_Electron_Transport,COX6A2
ATP_Synthesis_Coupled_Electron_Transport,COX6B1
ATP_Synthesis_Coupled_Electron_Transport,COX6C
ATP_Synthesis_Coupled_Electron_Transport,COX7A1
ATP_Synthesis_Coupled_Electron_Transport,COX7A2
ATP_Synthesis_Coupled_Electron_Transport,COX7A2L
ATP_Synthesis_Coupled_Electron_Transport,COX7A2P2
ATP_Synthesis_Coupled_Electron_Transport,COX7B
ATP_Synthesis_Coupled_Electron_Transport,COX7B2
ATP_Synthesis_Coupled_Electron_Transport,COX7C
ATP_Synthesis_Coupled_Electron_Transport,COX8A
ATP_Synthesis_Coupled_Electron_Transport,COX8C
ATP_Synthesis_Coupled_Electron_Transport,CYC1
ATP_Synthesis_Coupled_Electron_Transport,CYCS
ATP_Synthesis_Coupled_Electron_Transport,DGUOK
ATP_Synthesis_Coupled_Electron_Transport,DLD
ATP_Synthesis_Coupled_Electron_Transport,DNAJC15
ATP_Synthesis_Coupled_Electron_Transport,GHITM
ATP_Synthesis_Coupled_Electron_Transport,ISCU
ATP_Synthesis_Coupled_Electron_Transport,MIR210
ATP_Synthesis_Coupled_Electron_Transport,MT-CO1
ATP_Synthesis_Coupled_Electron_Transport,MT-CO2
ATP_Synthesis_Coupled_Electron_Transport,MT-CO3
ATP_Synthesis_Coupled_Electron_Transport,MT-CYB
ATP_Synthesis_Coupled_Electron_Transport,MT-ND1
ATP_Synthesis_Coupled_Electron_Transport,MT-ND2
ATP_Synthesis_Coupled_Electron_Transport,MT-ND3
ATP_Synthesis_Coupled_Electron_Transport,MT-ND4
ATP_Synthesis_Coupled_Electron_Transport,MT-ND4L
ATP_Synthesis_Coupled_Electron_Transport,MT-ND5
ATP_Synthesis_Coupled_Electron_Transport,MT-ND6
ATP_Synthesis_Coupled_Electron_Transport,MTCH2
ATP_Synthesis_Coupled_Electron_Transport,MTCO2P12
ATP_Synthesis_Coupled_Electron_Transport,NDUFA1
ATP_Synthesis_Coupled_Electron_Transport,NDUFA10
ATP_Synthesis_Coupled_Electron_Transport,NDUFA11
ATP_Synthesis_Coupled_Electron_Transport,NDUFA12
ATP_Synthesis_Coupled_Electron_Transport,NDUFA2
ATP_Synthesis_Coupled_Electron_Transport,NDUFA3
ATP_Synthesis_Coupled_Electron_Transport,NDUFA4
ATP_Synthesis_Coupled_Electron_Transport,NDUFA4L2
ATP_Synthesis_Coupled_Electron_Transport,NDUFA5
ATP_Synthesis_Coupled_Electron_Transport,NDUFA6
ATP_Synthesis_Coupled_Electron_Transport,NDUFA7
ATP_Synthesis_Coupled_Electron_Transport,NDUFA8
ATP_Synthesis_Coupled_Electron_Transport,NDUFA9
ATP_Synthesis_Coupled_Electron_Transport,NDUFAB1
ATP_Synthesis_Coupled_Electron_Transport,NDUFAF1
ATP_Synthesis_Coupled_Electron_Transport,NDUFB1
ATP_Synthesis_Coupled_Electron_Transport,NDUFB10
ATP_Synthesis_Coupled_Electron_Transport,NDUFB2
ATP_Synthesis_Coupled_Electron_Transport,NDUFB3
ATP_Synthesis_Coupled_Electron_Transport,NDUFB4
ATP_Synthesis_Coupled_Electron_Transport,NDUFB5
ATP_Synthesis_Coupled_Electron_Transport,NDUFB6
ATP_Synthesis_Coupled_Electron_Transport,NDUFB7
ATP_Synthesis_Coupled_Electron_Transport,NDUFB8
ATP_Synthesis_Coupled_Electron_Transport,NDUFB9
ATP_Synthesis_Coupled_Electron_Transport,NDUFC1
ATP_Synthesis_Coupled_Electron_Transport,NDUFC2
ATP_Synthesis_Coupled_Electron_Transport,NDUFC2-KCTD14
ATP_Synthesis_Coupled_Electron_Transport,NDUFS1
ATP_Synthesis_Coupled_Electron_Transport,NDUFS2
ATP_Synthesis_Coupled_Electron_Transport,NDUFS3
ATP_Synthesis_Coupled_Electron_Transport,NDUFS4
ATP_Synthesis_Coupled_Electron_Transport,NDUFS5
ATP_Synthesis_Coupled_Electron_Transport,NDUFS6
ATP_Synthesis_Coupled_Electron_Transport,NDUFS7
ATP_Synthesis_Coupled_Electron_Transport,NDUFS8
ATP_Synthesis_Coupled_Electron_Transport,NDUFV1
ATP_Synthesis_Coupled_Electron_Transport,NDUFV2
ATP_Synthesis_Coupled_Electron_Transport,NDUFV3
ATP_Synthesis_Coupled_Electron_Transport,PARK7
ATP_Synthesis_Coupled_Electron_Transport,PINK1
ATP_Synthesis_Coupled_Electron_Transport,SDHA
ATP_Synthesis_Coupled_Electron_Transport,SDHAF2
ATP_Synthesis_Coupled_Electron_Transport,SDHB
ATP_Synthesis_Coupled_Electron_Transport,SDHC
ATP_Synthesis_Coupled_Electron_Transport,SDHD
ATP_Synthesis_Coupled_Electron_Transport,SNCA
ATP_Synthesis_Coupled_Electron_Transport,UQCC3
ATP_Synthesis_Coupled_Electron_Transport,UQCR10
ATP_Synthesis_Coupled_Electron_Transport,UQCR11
ATP_Synthesis_Coupled_Electron_Transport,UQCRB
ATP_Synthesis_Coupled_Electron_Transport,UQCRC1
ATP_Synthesis_Coupled_Electron_Transport,UQCRC2
ATP_Synthesis_Coupled_Electron_Transport,UQCRFS1
ATP_Synthesis_Coupled_Electron_Transport,UQCRFS1P1
ATP_Synthesis_Coupled_Electron_Transport,UQCRH
ATP_Synthesis_Coupled_Electron_Transport,UQCRHL
ATP_Synthesis_Coupled_Electron_Transport,UQCRQ
Electron_Transport_Chain,AIFM2
Electron_Transport_Chain,BID
Electron_Transport_Chain,CCNB1
Electron_Transport_Chain,CDK1
Electron_Transport_Chain,CHCHD2
Electron_Transport_Chain,COQ9
Electron_Transport_Chain,COX4I1
Electron_Transport_Chain,COX4I2
Electron_Transport_Chain,COX5A
Electron_Transport_Chain,COX5B
Electron_Transport_Chain,COX6A1
Electron_Transport_Chain,COX6A2
Electron_Transport_Chain,COX6B1
Electron_Transport_Chain,COX6C
Electron_Transport_Chain,COX7A1
Electron_Transport_Chain,COX7A2
Electron_Transport_Chain,COX7A2L
Electron_Transport_Chain,COX7A2P2
Electron_Transport_Chain,COX7B
Electron_Transport_Chain,COX7B2
Electron_Transport_Chain,COX7C
Electron_Transport_Chain,COX8A
Electron_Transport_Chain,COX8C
Electron_Transport_Chain,CYB561
Electron_Transport_Chain,CYC1
Electron_Transport_Chain,CYCS
Electron_Transport_Chain,DGUOK
Electron_Transport_Chain,DHRS2
Electron_Transport_Chain,DLD
Electron_Transport_Chain,DNAJC15
Electron_Transport_Chain,ENOX2
Electron_Transport_Chain,ETFA
Electron_Transport_Chain,ETFB
Electron_Transport_Chain,ETFDH
Electron_Transport_Chain,FDX1
Electron_Transport_Chain,FDX2
Electron_Transport_Chain,GBA1
Electron_Transport_Chain,GHITM
Electron_Transport_Chain,HCCS
Electron_Transport_Chain,IMMP2L
Electron_Transport_Chain,ISCU
Electron_Transport_Chain,MIR210
Electron_Transport_Chain,MT-CO1
Electron_Transport_Chain,MT-CO2
Electron_Transport_Chain,MT-CO3
Electron_Transport_Chain,MT-CYB
Electron_Transport_Chain,MT-ND1
Electron_Transport_Chain,MT-ND2
Electron_Transport_Chain,MT-ND3
Electron_Transport_Chain,MT-ND4
Electron_Transport_Chain,MT-ND4L
Electron_Transport_Chain,MT-ND5
Electron_Transport_Chain,MT-ND6
Electron_Transport_Chain,MTCH2
Electron_Transport_Chain,MTCO2P12
Electron_Transport_Chain,MYBBP1A
Electron_Transport_Chain,NDOR1
Electron_Transport_Chain,NDUFA1
Electron_Transport_Chain,NDUFA10
Electron_Transport_Chain,NDUFA11
Electron_Transport_Chain,NDUFA12
Electron_Transport_Chain,NDUFA2
Electron_Transport_Chain,NDUFA3
Electron_Transport_Chain,NDUFA4
Electron_Transport_Chain,NDUFA4L2
Electron_Transport_Chain,NDUFA5
Electron_Transport_Chain,NDUFA6
Electron_Transport_Chain,NDUFA7
Electron_Transport_Chain,NDUFA8
Electron_Transport_Chain,NDUFA9
Electron_Transport_Chain,NDUFAB1
Electron_Transport_Chain,NDUFAF1
Electron_Transport_Chain,NDUFB1
Electron_Transport_Chain,NDUFB10
Electron_Transport_Chain,NDUFB2
Electron_Transport_Chain,NDUFB3
Electron_Transport_Chain,NDUFB4
Electron_Transport_Chain,NDUFB5
Electron_Transport_Chain,NDUFB6
Electron_Transport_Chain,NDUFB7
Electron_Transport_Chain,NDUFB8
Electron_Transport_Chain,NDUFB9
Electron_Transport_Chain,NDUFC1
Electron_Transport_Chain,NDUFC2
Electron_Transport_Chain,NDUFC2-KCTD14
Electron_Transport_Chain,NDUFS1
Electron_Transport_Chain,NDUFS2
Electron_Transport_Chain,NDUFS3
Electron_Transport_Chain,NDUFS4
Electron_Transport_Chain,NDUFS5
Electron_Transport_Chain,NDUFS6
Electron_Transport_Chain,NDUFS7
Electron_Transport_Chain,NDUFS8
Electron_Transport_Chain,NDUFV1
Electron_Transport_Chain,NDUFV2
Electron_Transport_Chain,NDUFV3
Electron_Transport_Chain,PARK7
Electron_Transport_Chain,PDIA5
Electron_Transport_Chain,PINK1
Electron_Transport_Chain,PLEC
Electron_Transport_Chain,POR
Electron_Transport_Chain,PPARGC1A
Electron_Transport_Chain,PUM2
Electron_Transport_Chain,SCO2
Electron_Transport_Chain,SDHA
Electron_Transport_Chain,SDHAF2
Electron_Transport_Chain,SDHB
Electron_Transport_Chain,SDHC
Electron_Transport_Chain,SDHD
Electron_Transport_Chain,SLC25A51
Electron_Transport_Chain,SNCA
Electron_Transport_Chain,SOD2
Electron_Transport_Chain,THAP11
Electron_Transport_Chain,UQCC3
Electron_Transport_Chain,UQCR10
Electron_Transport_Chain,UQCR11
Electron_Transport_Chain,UQCRB
Electron_Transport_Chain,UQCRC1
Electron_Transport_Chain,UQCRC2
Electron_Transport_Chain,UQCRFS1
Electron_Transport_Chain,UQCRFS1P1
Electron_Transport_Chain,UQCRH
Electron_Transport_Chain,UQCRHL
Electron_Transport_Chain,UQCRQ
Electron_Transport_Chain,VPS54
Electron_Transport_Chain,WDR93
Glutathione_Metabolic_Process,AAAS
Glutathione_Metabolic_Process,ABCC1
Glutathione_Metabolic_Process,ABCC2
Glutathione_Metabolic_Process,ARL6IP5
Glutathione_Metabolic_Process,CHAC1
Glutathione_Metabolic_Process,CHAC2
Glutathione_Metabolic_Process,CRYAA
Glutathione_Metabolic_Process,CRYAB
Glutathione_Metabolic_Process,CTNS
Glutathione_Metabolic_Process,DPEP1
Glutathione_Metabolic_Process,ETHE1
Glutathione_Metabolic_Process,FABP1
Glutathione_Metabolic_Process,G6PD
Glutathione_Metabolic_Process,GCLC
Glutathione_Metabolic_Process,GCLM
Glutathione_Metabolic_Process,GGT1
Glutathione_Metabolic_Process,GGT2P
Glutathione_Metabolic_Process,GGT3P
Glutathione_Metabolic_Process,GGT5
Glutathione_Metabolic_Process,GGT6
Glutathione_Metabolic_Process,GGT7
Glutathione_Metabolic_Process,GGTLC1
Glutathione_Metabolic_Process,GGTLC2
Glutathione_Metabolic_Process,GGTLC3
Glutathione_Metabolic_Process,GLO1
Glutathione_Metabolic_Process,GLRX2
Glutathione_Metabolic_Process,GPX1
Glutathione_Metabolic_Process,GSR
Glutathione_Metabolic_Process,GSS
Glutathione_Metabolic_Process,GSTA1
Glutathione_Metabolic_Process,GSTA2
Glutathione_Metabolic_Process,GSTA3
Glutathione_Metabolic_Process,GSTA4
Glutathione_Metabolic_Process,GSTA5
Glutathione_Metabolic_Process,GSTK1
Glutathione_Metabolic_Process,GSTM1
Glutathione_Metabolic_Process,GSTM2
Glutathione_Metabolic_Process,GSTM3
Glutathione_Metabolic_Process,GSTM4
Glutathione_Metabolic_Process,GSTM5
Glutathione_Metabolic_Process,GSTO1
Glutathione_Metabolic_Process,GSTO2
Glutathione_Metabolic_Process,GSTP1
Glutathione_Metabolic_Process,GSTT1
Glutathione_Metabolic_Process,GSTT2
Glutathione_Metabolic_Process,GSTT2B
Glutathione_Metabolic_Process,GSTT4
Glutathione_Metabolic_Process,GSTZ1
Glutathione_Metabolic_Process,HAGH
Glutathione_Metabolic_Process,HPGDS
Glutathione_Metabolic_Process,IDH1
Glutathione_Metabolic_Process,MGST2
Glutathione_Metabolic_Process,MMACHC
Glutathione_Metabolic_Process,NAT8
Glutathione_Metabolic_Process,NDP
Glutathione_Metabolic_Process,NFE2L1
Glutathione_Metabolic_Process,NFE2L2
Glutathione_Metabolic_Process,OPLAH
Glutathione_Metabolic_Process,SLC1A1
Glutathione_Metabolic_Process,SLC1A2
Glutathione_Metabolic_Process,SLC7A11
Glutathione_Metabolic_Process,SNCA
Glutathione_Metabolic_Process,SOD1
Glutathione_Metabolic_Process,SOD2
Oxidative_Phosphorylation,ABCD1
Oxidative_Phosphorylation,ACTN3
Oxidative_Phosphorylation,AK4
Oxidative_Phosphorylation,ANTKMT
Oxidative_Phosphorylation,ATP5F1A
Oxidative_Phosphorylation,ATP5F1B
Oxidative_Phosphorylation,ATP5F1C
Oxidative_Phosphorylation,ATP5F1D
Oxidative_Phosphorylation,ATP5F1E
Oxidative_Phosphorylation,ATP5F1EP2
Oxidative_Phosphorylation,ATP5IF1
Oxidative_Phosphorylation,ATP5ME
Oxidative_Phosphorylation,ATP5MF
Oxidative_Phosphorylation,ATP5MG
Oxidative_Phosphorylation,ATP5PB
Oxidative_Phosphorylation,ATP5PD
Oxidative_Phosphorylation,ATP5PF
Oxidative_Phosphorylation,ATP5PO
Oxidative_Phosphorylation,ATP7A
Oxidative_Phosphorylation,ATPSCKMT
Oxidative_Phosphorylation,BCL2L13
Oxidative_Phosphorylation,BID
Oxidative_Phosphorylation,C2orf69
Oxidative_Phosphorylation,CCNB1
Oxidative_Phosphorylation,CDK1
Oxidative_Phosphorylation,CHCHD2
Oxidative_Phosphorylation,COQ9
Oxidative_Phosphorylation,COX4I1
Oxidative_Phosphorylation,COX4I2
Oxidative_Phosphorylation,COX5A
Oxidative_Phosphorylation,COX5B
Oxidative_Phosphorylation,COX6A1
Oxidative_Phosphorylation,COX6A2
Oxidative_Phosphorylation,COX6B1
Oxidative_Phosphorylation,COX6B2
Oxidative_Phosphorylation,COX6C
Oxidative_Phosphorylation,COX7A1
Oxidative_Phosphorylation,COX7A2
Oxidative_Phosphorylation,COX7A2L
Oxidative_Phosphorylation,COX7A2P2
Oxidative_Phosphorylation,COX7B
Oxidative_Phosphorylation,COX7B2
Oxidative_Phosphorylation,COX7C
Oxidative_Phosphorylation,COX8A
Oxidative_Phosphorylation,COX8C
Oxidative_Phosphorylation,CYC1
Oxidative_Phosphorylation,CYCS
Oxidative_Phosphorylation,DGUOK
Oxidative_Phosphorylation,DLD
Oxidative_Phosphorylation,DNAJC15
Oxidative_Phosphorylation,DNAJC30
Oxidative_Phosphorylation,ETFRF1
Oxidative_Phosphorylation,FXN
Oxidative_Phosphorylation,GHITM
Oxidative_Phosphorylation,ISCU
Oxidative_Phosphorylation,MACROH2A1
Oxidative_Phosphorylation,MIR210
Oxidative_Phosphorylation,MLDHR
Oxidative_Phosphorylation,MLXIPL
Oxidative_Phosphorylation,MSH2
Oxidative_Phosphorylation,MT-ATP6
Oxidative_Phosphorylation,MT-ATP8
Oxidative_Phosphorylation,MT-CO1
Oxidative_Phosphorylation,MT-CO2
Oxidative_Phosphorylation,MT-CO3
Oxidative_Phosphorylation,MT-CYB
Oxidative_Phosphorylation,MT-ND1
Oxidative_Phosphorylation,MT-ND2
Oxidative_Phosphorylation,MT-ND3
Oxidative_Phosphorylation,MT-ND4
Oxidative_Phosphorylation,MT-ND4L
Oxidative_Phosphorylation,MT-ND5
Oxidative_Phosphorylation,MT-ND6
Oxidative_Phosphorylation,MTCH2
Oxidative_Phosphorylation,MTCO2P12
Oxidative_Phosphorylation,NDUFA1
Oxidative_Phosphorylation,NDUFA10
Oxidative_Phosphorylation,NDUFA11
Oxidative_Phosphorylation,NDUFA12
Oxidative_Phosphorylation,NDUFA13
Oxidative_Phosphorylation,NDUFA2
Oxidative_Phosphorylation,NDUFA3
Oxidative_Phosphorylation,NDUFA4
Oxidative_Phosphorylation,NDUFA4L2
Oxidative_Phosphorylation,NDUFA5
Oxidative_Phosphorylation,NDUFA6
Oxidative_Phosphorylation,NDUFA7
Oxidative_Phosphorylation,NDUFA8
Oxidative_Phosphorylation,NDUFA9
Oxidative_Phosphorylation,NDUFAB1
Oxidative_Phosphorylation,NDUFAF1
Oxidative_Phosphorylation,NDUFB1
Oxidative_Phosphorylation,NDUFB10
Oxidative_Phosphorylation,NDUFB11
Oxidative_Phosphorylation,NDUFB2
Oxidative_Phosphorylation,NDUFB3
Oxidative_Phosphorylation,NDUFB4
Oxidative_Phosphorylation,NDUFB5
Oxidative_Phosphorylation,NDUFB6
Oxidative_Phosphorylation,NDUFB7
Oxidative_Phosphorylation,NDUFB8
Oxidative_Phosphorylation,NDUFB9
Oxidative_Phosphorylation,NDUFC1
Oxidative_Phosphorylation,NDUFC2
Oxidative_Phosphorylation,NDUFC2-KCTD14
Oxidative_Phosphorylation,NDUFS1
Oxidative_Phosphorylation,NDUFS2
Oxidative_Phosphorylation,NDUFS3
Oxidative_Phosphorylation,NDUFS4
Oxidative_Phosphorylation,NDUFS5
Oxidative_Phosphorylation,NDUFS6
Oxidative_Phosphorylation,NDUFS7
Oxidative_Phosphorylation,NDUFS8
Oxidative_Phosphorylation,NDUFV1
Oxidative_Phosphorylation,NDUFV2
Oxidative_Phosphorylation,NDUFV3
Oxidative_Phosphorylation,NUPR1
Oxidative_Phosphorylation,PARK7
Oxidative_Phosphorylation,PINK1
Oxidative_Phosphorylation,PPIF
Oxidative_Phosphorylation,RHOA
Oxidative_Phosphorylation,SDHA
Oxidative_Phosphorylation,SDHAF2
Oxidative_Phosphorylation,SDHB
Oxidative_Phosphorylation,SDHC
Oxidative_Phosphorylation,SDHD
Oxidative_Phosphorylation,SHMT2
Oxidative_Phosphorylation,SIRT3
Oxidative_Phosphorylation,SLC25A23
Oxidative_Phosphorylation,SLC25A33
Oxidative_Phosphorylation,SLC25A51
Oxidative_Phosphorylation,SNCA
Oxidative_Phosphorylation,STOML2
Oxidative_Phosphorylation,TEFM
Oxidative_Phosphorylation,TMEM135
Oxidative_Phosphorylation,TNF
Oxidative_Phosphorylation,UQCC2
Oxidative_Phosphorylation,UQCC3
Oxidative_Phosphorylation,UQCR10
Oxidative_Phosphorylation,UQCR11
Oxidative_Phosphorylation,UQCRB
Oxidative_Phosphorylation,UQCRC1
Oxidative_Phosphorylation,UQCRC2
Oxidative_Phosphorylation,UQCRFS1
Oxidative_Phosphorylation,UQCRFS1P1
Oxidative_Phosphorylation,UQCRH
Oxidative_Phosphorylation,UQCRHL
Oxidative_Phosphorylation,UQCRQ
Oxidative_Phosphorylation,VCP
Reactive_Oxygen_Species_Metabolic_Process,ABCB7
Reactive_Oxygen_Species_Metabolic_Process,ABCC1
Reactive_Oxygen_Species_Metabolic_Process,ABCC9
Reactive_Oxygen_Species_Metabolic_Process,ABCD1
Reactive_Oxygen_Species_Metabolic_Process,ABCD2
Reactive_Oxygen_Species_Metabolic_Process,ACE2
Reactive_Oxygen_Species_Metabolic_Process,ACOD1
Reactive_Oxygen_Species_Metabolic_Process,ACOX1
Reactive_Oxygen_Species_Metabolic_Process,ACP5
Reactive_Oxygen_Species_Metabolic_Process,ADCY10
Reactive_Oxygen_Species_Metabolic_Process,ADGRB1
Reactive_Oxygen_Species_Metabolic_Process,AGT
Reactive_Oxygen_Species_Metabolic_Process,AGTR1
Reactive_Oxygen_Species_Metabolic_Process,AKR1C1
Reactive_Oxygen_Species_Metabolic_Process,AKR1C3
Reactive_Oxygen_Species_Metabolic_Process,ALOX12
Reactive_Oxygen_Species_Metabolic_Process,ALOX5
Reactive_Oxygen_Species_Metabolic_Process,APOA4
Reactive_Oxygen_Species_Metabolic_Process,APP
Reactive_Oxygen_Species_Metabolic_Process,ARF4
Reactive_Oxygen_Species_Metabolic_Process,ARG2
Reactive_Oxygen_Species_Metabolic_Process,ATG5
Reactive_Oxygen_Species_Metabolic_Process,ATP5IF1
Reactive_Oxygen_Species_Metabolic_Process,ATP7A
Reactive_Oxygen_Species_Metabolic_Process,BCL2
Reactive_Oxygen_Species_Metabolic_Process,BCO2
Reactive_Oxygen_Species_Metabolic_Process,BCR
Reactive_Oxygen_Species_Metabolic_Process,BIRC2
Reactive_Oxygen_Species_Metabolic_Process,BLVRA
Reactive_Oxygen_Species_Metabolic_Process,BLVRB
Reactive_Oxygen_Species_Metabolic_Process,BMP7
Reactive_Oxygen_Species_Metabolic_Process,BNIP3
Reactive_Oxygen_Species_Metabolic_Process,BRCA1
Reactive_Oxygen_Species_Metabolic_Process,BST1
Reactive_Oxygen_Species_Metabolic_Process,CA3
Reactive_Oxygen_Species_Metabolic_Process,CAT
Reactive_Oxygen_Species_Metabolic_Process,CBR1
Reactive_Oxygen_Species_Metabolic_Process,CBS
Reactive_Oxygen_Species_Metabolic_Process,CCN1
Reactive_Oxygen_Species_Metabolic_Process,CCN2
Reactive_Oxygen_Species_Metabolic_Process,CCN6
Reactive_Oxygen_Species_Metabolic_Process,CCS
Reactive_Oxygen_Species_Metabolic_Process,CD177
Reactive_Oxygen_Species_Metabolic_Process,CD36
Reactive_Oxygen_Species_Metabolic_Process,CDKN1A
Reactive_Oxygen_Species_Metabolic_Process,CFLAR
Reactive_Oxygen_Species_Metabolic_Process,CLCN3
Reactive_Oxygen_Species_Metabolic_Process,CLEC7A
Reactive_Oxygen_Species_Metabolic_Process,COL6A1
Reactive_Oxygen_Species_Metabolic_Process,COQ7
Reactive_Oxygen_Species_Metabolic_Process,CRP
Reactive_Oxygen_Species_Metabolic_Process,CRYAB
Reactive_Oxygen_Species_Metabolic_Process,CYB5R4
Reactive_Oxygen_Species_Metabolic_Process,CYBA
Reactive_Oxygen_Species_Metabolic_Process,CYBB
Reactive_Oxygen_Species_Metabolic_Process,CYGB
Reactive_Oxygen_Species_Metabolic_Process,CYP1A1
Reactive_Oxygen_Species_Metabolic_Process,CYP1A2
Reactive_Oxygen_Species_Metabolic_Process,CYP1B1
Reactive_Oxygen_Species_Metabolic_Process,CYSLTR1
Reactive_Oxygen_Species_Metabolic_Process,DCXR
Reactive_Oxygen_Species_Metabolic_Process,DDIT4
Reactive_Oxygen_Species_Metabolic_Process,DHFR
Reactive_Oxygen_Species_Metabolic_Process,DHFRP1
Reactive_Oxygen_Species_Metabolic_Process,DHRS4
Reactive_Oxygen_Species_Metabolic_Process,DRD5
Reactive_Oxygen_Species_Metabolic_Process,DUOX1
Reactive_Oxygen_Species_Metabolic_Process,DUOX2
Reactive_Oxygen_Species_Metabolic_Process,DUOXA1
Reactive_Oxygen_Species_Metabolic_Process,DUOXA2
Reactive_Oxygen_Species_Metabolic_Process,EDN1
Reactive_Oxygen_Species_Metabolic_Process,EIF6
Reactive_Oxygen_Species_Metabolic_Process,ELAVL1
Reactive_Oxygen_Species_Metabolic_Process,ENSG00000274276
Reactive_Oxygen_Species_Metabolic_Process,EPX
Reactive_Oxygen_Species_Metabolic_Process,F2
Reactive_Oxygen_Species_Metabolic_Process,F2RL1
Reactive_Oxygen_Species_Metabolic_Process,FAM210B
Reactive_Oxygen_Species_Metabolic_Process,FAS
Reactive_Oxygen_Species_Metabolic_Process,FBLN5
Reactive_Oxygen_Species_Metabolic_Process,FOXM1
Reactive_Oxygen_Species_Metabolic_Process,FOXO1
Reactive_Oxygen_Species_Metabolic_Process,FOXO3
Reactive_Oxygen_Species_Metabolic_Process,FPR2
Reactive_Oxygen_Species_Metabolic_Process,FYN
Reactive_Oxygen_Species_Metabolic_Process,G6PD
Reactive_Oxygen_Species_Metabolic_Process,GADD45A
Reactive_Oxygen_Species_Metabolic_Process,GBF1
Reactive_Oxygen_Species_Metabolic_Process,GCH1
Reactive_Oxygen_Species_Metabolic_Process,GLS2
Reactive_Oxygen_Species_Metabolic_Process,GNAI2
Reactive_Oxygen_Species_Metabolic_Process,GPX1
Reactive_Oxygen_Species_Metabolic_Process,GPX3
Reactive_Oxygen_Species_Metabolic_Process,GRB2
Reactive_Oxygen_Species_Metabolic_Process,GRIN1
Reactive_Oxygen_Species_Metabolic_Process,GSTP1
Reactive_Oxygen_Species_Metabolic_Process,HBA1
Reactive_Oxygen_Species_Metabolic_Process,HBA2
Reactive_Oxygen_Species_Metabolic_Process,HBB
Reactive_Oxygen_Species_Metabolic_Process,HDAC6
Reactive_Oxygen_Species_Metabolic_Process,HIF1A
Reactive_Oxygen_Species_Metabolic_Process,HK2
Reactive_Oxygen_Species_Metabolic_Process,HP
Reactive_Oxygen_Species_Metabolic_Process,HVCN1
Reactive_Oxygen_Species_Metabolic_Process,IER3
Reactive_Oxygen_Species_Metabolic_Process,IFI6
Reactive_Oxygen_Species_Metabolic_Process,IL19
Reactive_Oxygen_Species_Metabolic_Process,IMMP2L
Reactive_Oxygen_Species_Metabolic_Process,INAVA
Reactive_Oxygen_Species_Metabolic_Process,INS
Reactive_Oxygen_Species_Metabolic_Process,ITGAM
Reactive_Oxygen_Species_Metabolic_Process,ITGB2
Reactive_Oxygen_Species_Metabolic_Process,LCN2
Reactive_Oxygen_Species_Metabolic_Process,LEP
Reactive_Oxygen_Species_Metabolic_Process,LETMD1
Reactive_Oxygen_Species_Metabolic_Process,LIPA
Reactive_Oxygen_Species_Metabolic_Process,LPO
Reactive_Oxygen_Species_Metabolic_Process,LRRK2
Reactive_Oxygen_Species_Metabolic_Process,MAOB
Reactive_Oxygen_Species_Metabolic_Process,MAPK14
Reactive_Oxygen_Species_Metabolic_Process,MAPT
Reactive_Oxygen_Species_Metabolic_Process,MB
Reactive_Oxygen_Species_Metabolic_Process,MFSD8
Reactive_Oxygen_Species_Metabolic_Process,MIR181A2
Reactive_Oxygen_Species_Metabolic_Process,MIR21
Reactive_Oxygen_Species_Metabolic_Process,MIR24-1
Reactive_Oxygen_Species_Metabolic_Process,MIR27B
Reactive_Oxygen_Species_Metabolic_Process,MIR590
Reactive_Oxygen_Species_Metabolic_Process,MIR675
Reactive_Oxygen_Species_Metabolic_Process,MMP3
Reactive_Oxygen_Species_Metabolic_Process,MPO
Reactive_Oxygen_Species_Metabolic_Process,MPV17L
Reactive_Oxygen_Species_Metabolic_Process,MT-ND2
Reactive_Oxygen_Species_Metabolic_Process,MT3
Reactive_Oxygen_Species_Metabolic_Process,MYCN
Reactive_Oxygen_Species_Metabolic_Process,NAGLU
Reactive_Oxygen_Species_Metabolic_Process,NCF1
Reactive_Oxygen_Species_Metabolic_Process,NCF1B
Reactive_Oxygen_Species_Metabolic_Process,NCF1C
Reactive_Oxygen_Species_Metabolic_Process,NCF2
Reactive_Oxygen_Species_Metabolic_Process,NCF4
Reactive_Oxygen_Species_Metabolic_Process,NDUFA4L2
Reactive_Oxygen_Species_Metabolic_Process,NDUFC2
Reactive_Oxygen_Species_Metabolic_Process,NDUFS3
Reactive_Oxygen_Species_Metabolic_Process,NDUFS4
Reactive_Oxygen_Species_Metabolic_Process,NDUFS6
Reactive_Oxygen_Species_Metabolic_Process,NFE2L2
Reactive_Oxygen_Species_Metabolic_Process,NNT
Reactive_Oxygen_Species_Metabolic_Process,NOS2
Reactive_Oxygen_Species_Metabolic_Process,NOS3
Reactive_Oxygen_Species_Metabolic_Process,NOX1
Reactive_Oxygen_Species_Metabolic_Process,NOX3
Reactive_Oxygen_Species_Metabolic_Process,NOX4
Reactive_Oxygen_Species_Metabolic_Process,NOX5
Reactive_Oxygen_Species_Metabolic_Process,NOXA1
Reactive_Oxygen_Species_Metabolic_Process,NOXO1
Reactive_Oxygen_Species_Metabolic_Process,NQO1
Reactive_Oxygen_Species_Metabolic_Process,NRROS
Reactive_Oxygen_Species_Metabolic_Process,P2RX7
Reactive_Oxygen_Species_Metabolic_Process,PAGE4
Reactive_Oxygen_Species_Metabolic_Process,PARK7
Reactive_Oxygen_Species_Metabolic_Process,PARL
Reactive_Oxygen_Species_Metabolic_Process,PAX2
Reactive_Oxygen_Species_Metabolic_Process,PDGFB
Reactive_Oxygen_Species_Metabolic_Process,PDGFRB
Reactive_Oxygen_Species_Metabolic_Process,PDK3
Reactive_Oxygen_Species_Metabolic_Process,PID1
Reactive_Oxygen_Species_Metabolic_Process,PIKFYVE
Reactive_Oxygen_Species_Metabolic_Process,PINK1
Reactive_Oxygen_Species_Metabolic_Process,PLA2R1
Reactive_Oxygen_Species_Metabolic_Process,PLCG2
Reactive_Oxygen_Species_Metabolic_Process,PLIN5
Reactive_Oxygen_Species_Metabolic_Process,PMAIP1
Reactive_Oxygen_Species_Metabolic_Process,PON3
Reactive_Oxygen_Species_Metabolic_Process,PPARA
Reactive_Oxygen_Species_Metabolic_Process,PRCP
Reactive_Oxygen_Species_Metabolic_Process,PRDX1
Reactive_Oxygen_Species_Metabolic_Process,PRDX2
Reactive_Oxygen_Species_Metabolic_Process,PRDX3
Reactive_Oxygen_Species_Metabolic_Process,PRDX4
Reactive_Oxygen_Species_Metabolic_Process,PRDX5
Reactive_Oxygen_Species_Metabolic_Process,PRDX6
Reactive_Oxygen_Species_Metabolic_Process,PREX1
Reactive_Oxygen_Species_Metabolic_Process,PRG3
Reactive_Oxygen_Species_Metabolic_Process,PRKCD
Reactive_Oxygen_Species_Metabolic_Process,PRKCE
Reactive_Oxygen_Species_Metabolic_Process,PRKN
Reactive_Oxygen_Species_Metabolic_Process,PXDN
Reactive_Oxygen_Species_Metabolic_Process,PXDNL
Reactive_Oxygen_Species_Metabolic_Process,RAB27A
Reactive_Oxygen_Species_Metabolic_Process,RAC1
Reactive_Oxygen_Species_Metabolic_Process,RAC2
Reactive_Oxygen_Species_Metabolic_Process,RFK
Reactive_Oxygen_Species_Metabolic_Process,RHOA
Reactive_Oxygen_Species_Metabolic_Process,RIPK1
Reactive_Oxygen_Species_Metabolic_Process,RIPK3
Reactive_Oxygen_Species_Metabolic_Process,RNF41
Reactive_Oxygen_Species_Metabolic_Process,ROMO1
Reactive_Oxygen_Species_Metabolic_Process,SESN1
Reactive_Oxygen_Species_Metabolic_Process,SESN2
Reactive_Oxygen_Species_Metabolic_Process,SFTPD
Reactive_Oxygen_Species_Metabolic_Process,SH3PXD2A
Reactive_Oxygen_Species_Metabolic_Process,SH3PXD2B
Reactive_Oxygen_Species_Metabolic_Process,SHC1
Reactive_Oxygen_Species_Metabolic_Process,SIRPA
Reactive_Oxygen_Species_Metabolic_Process,SIRT2
Reactive_Oxygen_Species_Metabolic_Process,SIRT3
Reactive_Oxygen_Species_Metabolic_Process,SIRT5
Reactive_Oxygen_Species_Metabolic_Process,SLC18A2
Reactive_Oxygen_Species_Metabolic_Process,SLC1A1
Reactive_Oxygen_Species_Metabolic_Process,SLC25A33
Reactive_Oxygen_Species_Metabolic_Process,SLC5A3
Reactive_Oxygen_Species_Metabolic_Process,SNCA
Reactive_Oxygen_Species_Metabolic_Process,SOD1
Reactive_Oxygen_Species_Metabolic_Process,SOD2
Reactive_Oxygen_Species_Metabolic_Process,SOD3
Reactive_Oxygen_Species_Metabolic_Process,SPHK2
Reactive_Oxygen_Species_Metabolic_Process,STAT3
Reactive_Oxygen_Species_Metabolic_Process,STK17A
Reactive_Oxygen_Species_Metabolic_Process,SYK
Reactive_Oxygen_Species_Metabolic_Process,TAFA4
Reactive_Oxygen_Species_Metabolic_Process,TFAP2A
Reactive_Oxygen_Species_Metabolic_Process,TGFB1
Reactive_Oxygen_Species_Metabolic_Process,TGFBR2
Reactive_Oxygen_Species_Metabolic_Process,THBS1
Reactive_Oxygen_Species_Metabolic_Process,TIGAR
Reactive_Oxygen_Species_Metabolic_Process,TLR4
Reactive_Oxygen_Species_Metabolic_Process,TLR6
Reactive_Oxygen_Species_Metabolic_Process,TNF
Reactive_Oxygen_Species_Metabolic_Process,TP53
Reactive_Oxygen_Species_Metabolic_Process,TP53I3
Reactive_Oxygen_Species_Metabolic_Process,TPO
Reactive_Oxygen_Species_Metabolic_Process,TRAP1
Reactive_Oxygen_Species_Metabolic_Process,TSPO
Reactive_Oxygen_Species_Metabolic_Process,TUSC2
Reactive_Oxygen_Species_Metabolic_Process,TXN
Reactive_Oxygen_Species_Metabolic_Process,TYROBP
Reactive_Oxygen_Species_Metabolic_Process,UCP1
Reactive_Oxygen_Species_Metabolic_Process,UCP2
Reactive_Oxygen_Species_Metabolic_Process,VAV1
Reactive_Oxygen_Species_Metabolic_Process,VDAC1
Reactive_Oxygen_Species_Metabolic_Process,ZC3H12A
Reactive_Oxygen_Species_Metabolic_Process,ZNF205
